{
	"info": {
		"_postman_id": "755407fb-1201-4d3c-a721-5ae93060d21e",
		"name": "challenge-1-pizzas",
		"schema": "https://schema.getpostman.com/json/collection/v2.1.0/collection.json"
	},
	"item": [
		{
			"name": "restaurants",
			"request": {
				"method": "GET",
				"header": [],
				"url": {
					"raw": "http://localhost:5555/restaurants",
					"protocol": "http",
					"host": [
						"localhost"
					],
					"port": "5555",
					"path": [
						"restaurants"
					]
				}
			},
			"response": []
		},
		{
			"name": "pizzas",
			"request": {
				"method": "GET",
				"header": [],
				"url": {
					"raw": "http://localhost:5555/pizzas",
					"protocol": "http",
					"host": [
						"localhost"
					],
					"port": "5555",
					"path": [
						"pizzas"
					]
				}
			},
			"response": []
		},
		{
			"name": "restaurants/<int:id>",
			"request": {
				"method": "GET",
				"header": [],
				"url": {
					"raw": "http://localhost:5555/restaurants/1",
					"protocol": "http",
					"host": [
						"localhost"
					],
					"port": "5555",
					"path": [
						"restaurants",
						"1"
					]
				}
			},
			"response": []
		},
		{
			"name": "restaurants/<int:id>",
			"request": {
				"method": "DELETE",
				"header": [],
				"url": {
					"raw": "http://localhost:5555/restaurants/1",
					"protocol": "http",
					"host": [
						"localhost"
					],
					"port": "5555",
					"path": [
						"restaurants",
						"1"
					]
				}
			},
			"response": []
		},
		{
			"name": "restaurant_pizzas",
			"request": {
				"method": "POST",
				"header": [],
				"body": {
					"mode": "raw",
					"raw": "{\n  \"price\": 5,\n  \"pizza_id\": 1,\n  \"restaurant_id\": 3\n}",
					"options": {
						"raw": {
							"language": "json"
						}
					}
				},
				"url": {
					"raw": "http://localhost:5555/restaurant_pizzas",
					"protocol": "http",
					"host": [
						"localhost"
					],
					"port": "5555",
					"path": [
						"restaurant_pizzas"
					]
				}
			},
			"response": []
		}
	]
}